1 уровень,2 уровень,П. №1,Значение,Тип,П. №2,Значение,Тип,П. №3,Значение,Тип,П. №4,Значение,Тип,П. №5,Значение,Тип,П. №6,Значение,Тип,П. №7,Значение,Значение,Значение,Значение,Значение,Значение,Значение,Значение,Тип
Площадки,Банкетные площадки,Вместимость,20 / 30 / 50 / 80 / 100 / 120 / 150 / 200 / 250 / 300 / 350 / 400 / 500 / 500+ / 600 / 700 / 1000 / 1000+ / 1500 / 1500+,Список,Расположение,Список всех городов,Список,Стоимость,от 0 до 40000 р./чел,ползунок,Аренда,от 0 до 3000000 р.,ползунок,Обслуживание,от 0 до 20 %,ползунок,Сторонний кейтеринг,Да или нет,Чек,Оснащение,Установка авто,"Своя парковка, не менее (знач)",Служебный вход,"Гримёрные комнаты, не менее (знач)",звуковое оборудование (да или нет),Световое оборудование (да или нет),Плазменные панели ( да или нет),Проекторы и экраны (да или нет),Чек
Площадки,Бизнес-площадки,Вместимость,21 / 30 / 50 / 80 / 100 / 120 / 150 / 200 / 250 / 300 / 350 / 400 / 500 / 500+ / 600 / 700 / 1000 / 1000+ / 1500 / 1500+,Список,Расположение,Список всех городов,Список,Стоимость,от 0 до 40000 р./чел,ползунок,Аренда,от 0 до 3000000 р.,ползунок,Обслуживание,от 0 до 20 %,ползунок,Сторонний кейтеринг,Да или нет,Чек,Оснащение,Установка авто,"Своя парковка, не менее (знач)",Служебный вход,"Гримёрные комнаты, не менее (знач)",звуковое оборудование (да или нет),Световое оборудование (да или нет),Плазменные панели ( да или нет),Проекторы и экраны (да или нет),Чек
Площадки,Концертные площадки,Вместимость,22 / 30 / 50 / 80 / 100 / 120 / 150 / 200 / 250 / 300 / 350 / 400 / 500 / 500+ / 600 / 700 / 1000 / 1000+ / 1500 / 1500+,Список,Расположение,Список всех городов,Список,Стоимость,от 0 до 40000 р./чел,ползунок,Аренда,от 0 до 3000000 р.,ползунок,Обслуживание,от 0 до 20 %,ползунок,Сторонний кейтеринг,Да или нет,Чек,Оснащение,Установка авто,"Своя парковка, не менее (знач)",Служебный вход,"Гримёрные комнаты, не менее (знач)",звуковое оборудование (да или нет),Световое оборудование (да или нет),Плазменные панели ( да или нет),Проекторы и экраны (да или нет),Чек
Площадки,Свадебные площадки,Вместимость,23 / 30 / 50 / 80 / 100 / 120 / 150 / 200 / 250 / 300 / 350 / 400 / 500 / 500+ / 600 / 700 / 1000 / 1000+ / 1500 / 1500+,Список,Расположение,Список всех городов,Список,Стоимость,от 0 до 40000 р./чел,ползунок,Аренда,от 0 до 3000000 р.,ползунок,Обслуживание,от 0 до 20 %,ползунок,Сторонний кейтеринг,Да или нет,Чек,Оснащение,Установка авто,"Своя парковка, не менее (знач)",Служебный вход,"Гримёрные комнаты, не менее (знач)",звуковое оборудование (да или нет),Световое оборудование (да или нет),Плазменные панели ( да или нет),Проекторы и экраны (да или нет),Чек
Площадки,Летние площадки,Вместимость,24 / 30 / 50 / 80 / 100 / 120 / 150 / 200 / 250 / 300 / 350 / 400 / 500 / 500+ / 600 / 700 / 1000 / 1000+ / 1500 / 1500+,Список,Расположение,Список всех городов,Список,Стоимость,от 0 до 40000 р./чел,ползунок,Аренда,от 0 до 3000000 р.,ползунок,Обслуживание,от 0 до 20 %,ползунок,Сторонний кейтеринг,Да или нет,Чек,Оснащение,Установка авто,"Своя парковка, не менее (знач)",Служебный вход,"Гримёрные комнаты, не менее (знач)",звуковое оборудование (да или нет),Световое оборудование (да или нет),Плазменные панели ( да или нет),Проекторы и экраны (да или нет),Чек
Площадки,Загодные площадки,Вместимость,25 / 30 / 50 / 80 / 100 / 120 / 150 / 200 / 250 / 300 / 350 / 400 / 500 / 500+ / 600 / 700 / 1000 / 1000+ / 1500 / 1500+,Список,Расположение,Список всех городов,Список,Стоимость,от 0 до 40000 р./чел,ползунок,Аренда,от 0 до 3000000 р.,ползунок,Обслуживание,от 0 до 20 %,ползунок,Сторонний кейтеринг,Да или нет,Чек,Оснащение,Установка авто,"Своя парковка, не менее (знач)",Служебный вход,"Гримёрные комнаты, не менее (знач)",звуковое оборудование (да или нет),Световое оборудование (да или нет),Плазменные панели ( да или нет),Проекторы и экраны (да или нет),Чек
Площадки,Игровые плошадки,Вместимость,26 / 30 / 50 / 80 / 100 / 120 / 150 / 200 / 250 / 300 / 350 / 400 / 500 / 500+ / 600 / 700 / 1000 / 1000+ / 1500 / 1500+,Список,Расположение,Список всех городов,Список,Стоимость,от 0 до 40000 р./чел,ползунок,Аренда,от 0 до 3000000 р.,ползунок,Обслуживание,от 0 до 20 %,ползунок,Сторонний кейтеринг,Да или нет,Чек,Оснащение,Установка авто,"Своя парковка, не менее (знач)",Служебный вход,"Гримёрные комнаты, не менее (знач)",звуковое оборудование (да или нет),Световое оборудование (да или нет),Плазменные панели ( да или нет),Проекторы и экраны (да или нет),Чек
Площадки,Спортивные площадки,Вместимость,27 / 30 / 50 / 80 / 100 / 120 / 150 / 200 / 250 / 300 / 350 / 400 / 500 / 500+ / 600 / 700 / 1000 / 1000+ / 1500 / 1500+,Список,Расположение,Список всех городов,Список,Стоимость,от 0 до 40000 р./чел,ползунок,Аренда,от 0 до 3000000 р.,ползунок,Обслуживание,от 0 до 20 %,ползунок,Сторонний кейтеринг,Да или нет,Чек,Оснащение,Установка авто,"Своя парковка, не менее (знач)",Служебный вход,"Гримёрные комнаты, не менее (знач)",звуковое оборудование (да или нет),Световое оборудование (да или нет),Плазменные панели ( да или нет),Проекторы и экраны (да или нет),Чек
Площадки,Особые площадки,Вместимость,20 / 30 / 50 / 80 / 100 / 120 / 150 / 200 / 250 / 300 / 350 / 400 / 500 / 500+ / 600 / 700 / 1000 / 1000+ / 1500 / 1500+,Список,Расположение,Список всех городов,Список,Стоимость,от 0 до 40000 р./чел,ползунок,Аренда,от 0 до 3000000 р.,ползунок,Обслуживание,от 0 до 20 %,ползунок,Сторонний кейтеринг,Да или нет,Чек,Оснащение,Установка авто,"Своя парковка, не менее (знач)",Служебный вход,"Гримёрные комнаты, не менее (знач)",звуковое оборудование (да или нет),Световое оборудование (да или нет),Плазменные панели ( да или нет),Проекторы и экраны (да или нет),Чек
Артисты,Шоу программа,Стоимость,от 0 до 200000000 р,Список,Расположение,Список всех городов,Список,Есть фото,Да или нет,Чек,Есть Видео,Да или нет,Чек,Есть Отзывы,Да или нет,Чек,Указан гонорар,Да или нет,Чек,Есть записи в портфолио,Да или нет,,,,,,,,Чек
Артисты,Огненое/световое шоу,Стоимость,от 0 до 200000000 р,Ползунок,Расположение,Список всех городов,Список,Есть фото,Да или нет,Чек,Есть Видео,Да или нет,Чек,Есть Отзывы,Да или нет,Чек,Указан гонорар,Да или нет,Чек,Есть записи в портфолио,Да или нет,,,,,,,,Чек
Артисты,Юмористическое шоу,Стоимость,от 0 до 200000000 р,Ползунок,Расположение,Список всех городов,Список,Есть фото,Да или нет,Чек,Есть Видео,Да или нет,Чек,Есть Отзывы,Да или нет,Чек,Указан гонорар,Да или нет,Чек,Есть записи в портфолио,Да или нет,,,,,,,,Чек
Артисты,Спортивное/экстремальное шоу,Стоимость,от 0 до 200000000 р,Ползунок,Расположение,Список всех городов,Список,Есть фото,Да или нет,Чек,Есть Видео,Да или нет,Чек,Есть Отзывы,Да или нет,Чек,Указан гонорар,Да или нет,Чек,Есть записи в портфолио,Да или нет,,,,,,,,Чек
Артисты,Песочное шоу,Стоимость,от 0 до 200000000 р,Ползунок,Расположение,Список всех городов,Список,Есть фото,Да или нет,Чек,Есть Видео,Да или нет,Чек,Есть Отзывы,Да или нет,Чек,Указан гонорар,Да или нет,Чек,Есть записи в портфолио,Да или нет,,,,,,,,Чек
Артисты,Шоу мыльных пузырей,Стоимость,от 0 до 200000000 р,Ползунок,Расположение,Список всех городов,Список,Есть фото,Да или нет,Чек,Есть Видео,Да или нет,Чек,Есть Отзывы,Да или нет,Чек,Указан гонорар,Да или нет,Чек,Есть записи в портфолио,Да или нет,,,,,,,,Чек
Артисты,Цирковое шоу,Стоимость,от 0 до 200000000 р,Ползунок,Расположение,Список всех городов,Список,Есть фото,Да или нет,Чек,Есть Видео,Да или нет,Чек,Есть Отзывы,Да или нет,Чек,Указан гонорар,Да или нет,Чек,Есть записи в портфолио,Да или нет,,,,,,,,Чек
Артисты,Травести-шоу,Стоимость,от 0 до 200000000 р,Ползунок,Расположение,Список всех городов,Список,Есть фото,Да или нет,Чек,Есть Видео,Да или нет,Чек,Есть Отзывы,Да или нет,Чек,Указан гонорар,Да или нет,Чек,Есть записи в портфолио,Да или нет,,,,,,,,Чек
Артисты,Оригинальный жанр,Стоимость,от 0 до 200000000 р,Ползунок,Расположение,Список всех городов,Список,Есть фото,Да или нет,Чек,Есть Видео,Да или нет,Чек,Есть Отзывы,Да или нет,Чек,Указан гонорар,Да или нет,Чек,Есть записи в портфолио,Да или нет,,,,,,,,Чек
Артисты,Детская программа,Стоимость,от 0 до 200000000 р,Ползунок,Расположение,Список всех городов,Список,Есть фото,Да или нет,Чек,Есть Видео,Да или нет,Чек,Есть Отзывы,Да или нет,Чек,Указан гонорар,Да или нет,Чек,Есть записи в портфолио,Да или нет,,,,,,,,Чек
Артисты,Этническое шоу,Стоимость,от 0 до 200000000 р,Ползунок,Расположение,Список всех городов,Список,Есть фото,Да или нет,Чек,Есть Видео,Да или нет,Чек,Есть Отзывы,Да или нет,Чек,Указан гонорар,Да или нет,Чек,Есть записи в портфолио,Да или нет,,,,,,,,Чек
Артисты,Бармен-шоу,Стоимость,от 0 до 200000000 р,Ползунок,Расположение,Список всех городов,Список,Есть фото,Да или нет,Чек,Есть Видео,Да или нет,Чек,Есть Отзывы,Да или нет,Чек,Указан гонорар,Да или нет,Чек,Есть записи в портфолио,Да или нет,,,,,,,,Чек
Артисты,Артисты цирка,Стоимость,от 0 до 200000000 р,Ползунок,Расположение,Список всех городов,Список,Есть фото,Да или нет,Чек,Есть Видео,Да или нет,Чек,Есть Отзывы,Да или нет,Чек,Указан гонорар,Да или нет,Чек,Есть записи в портфолио,Да или нет,,,,,,,,Чек
Артисты,Акробатическое шоу,Стоимость,от 0 до 200000000 р,Ползунок,Расположение,Список всех городов,Список,Есть фото,Да или нет,Чек,Есть Видео,Да или нет,Чек,Есть Отзывы,Да или нет,Чек,Указан гонорар,Да или нет,Чек,Есть записи в портфолио,Да или нет,,,,,,,,Чек
Артисты,Силовое шоу,Стоимость,от 0 до 200000000 р,Ползунок,Расположение,Список всех городов,Список,Есть фото,Да или нет,Чек,Есть Видео,Да или нет,Чек,Есть Отзывы,Да или нет,Чек,Указан гонорар,Да или нет,Чек,Есть записи в портфолио,Да или нет,,,,,,,,Чек
Артисты,Иллюзионисты,Стоимость,от 0 до 200000000 р,Ползунок,Расположение,Список всех городов,Список,Есть фото,Да или нет,Чек,Есть Видео,Да или нет,Чек,Есть Отзывы,Да или нет,Чек,Указан гонорар,Да или нет,Чек,Есть записи в портфолио,Да или нет,,,,,,,,Чек
Артисты,Клоуны,Стоимость,от 0 до 200000000 р,Ползунок,Расположение,Список всех городов,Список,Есть фото,Да или нет,Чек,Есть Видео,Да или нет,Чек,Есть Отзывы,Да или нет,Чек,Указан гонорар,Да или нет,Чек,Есть записи в портфолио,Да или нет,,,,,,,,Чек
Артисты,Мимы,Стоимость,от 0 до 200000000 р,Ползунок,Расположение,Список всех городов,Список,Есть фото,Да или нет,Чек,Есть Видео,Да или нет,Чек,Есть Отзывы,Да или нет,Чек,Указан гонорар,Да или нет,Чек,Есть записи в портфолио,Да или нет,,,,,,,,Чек
Артисты,Жонглеры,Стоимость,от 0 до 200000000 р,Ползунок,Расположение,Список всех городов,Список,Есть фото,Да или нет,Чек,Есть Видео,Да или нет,Чек,Есть Отзывы,Да или нет,Чек,Указан гонорар,Да или нет,Чек,Есть записи в портфолио,Да или нет,,,,,,,,Чек
Артисты,Ростовые куклы,Стоимость,от 0 до 200000000 р,Ползунок,Расположение,Список всех городов,Список,Есть фото,Да или нет,Чек,Есть Видео,Да или нет,Чек,Есть Отзывы,Да или нет,Чек,Указан гонорар,Да или нет,Чек,Есть записи в портфолио,Да или нет,,,,,,,,Чек
Артисты,Животные,Стоимость,от 0 до 200000000 р,Ползунок,Расположение,Список всех городов,Список,Есть фото,Да или нет,Чек,Есть Видео,Да или нет,Чек,Есть Отзывы,Да или нет,Чек,Указан гонорар,Да или нет,Чек,Есть записи в портфолио,Да или нет,,,,,,,,Чек
Артисты,Атмосферные артисты,Стоимость,от 0 до 200000000 р,Ползунок,Расположение,Список всех городов,Список,Есть фото,Да или нет,Чек,Есть Видео,Да или нет,Чек,Есть Отзывы,Да или нет,Чек,Указан гонорар,Да или нет,Чек,Есть записи в портфолио,Да или нет,,,,,,,,Чек
Артисты,Шаржисты/художники,Стоимость,от 0 до 200000000 р,Ползунок,Расположение,Список всех городов,Список,Есть фото,Да или нет,Чек,Есть Видео,Да или нет,Чек,Есть Отзывы,Да или нет,Чек,Указан гонорар,Да или нет,Чек,Есть записи в портфолио,Да или нет,,,,,,,,Чек
Артисты,Живые статуи,Стоимость,от 0 до 200000000 р,Ползунок,Расположение,Список всех городов,Список,Есть фото,Да или нет,Чек,Есть Видео,Да или нет,Чек,Есть Отзывы,Да или нет,Чек,Указан гонорар,Да или нет,Чек,Есть записи в портфолио,Да или нет,,,,,,,,Чек
Артисты,Ростовые куклы,Стоимость,от 0 до 200000000 р,Ползунок,Расположение,Список всех городов,Список,Есть фото,Да или нет,Чек,Есть Видео,Да или нет,Чек,Есть Отзывы,Да или нет,Чек,Указан гонорар,Да или нет,Чек,Есть записи в портфолио,Да или нет,,,,,,,,Чек
Артисты,Предсказания,Стоимость,от 0 до 200000000 р,Ползунок,Расположение,Список всех городов,Список,Есть фото,Да или нет,Чек,Есть Видео,Да или нет,Чек,Есть Отзывы,Да или нет,Чек,Указан гонорар,Да или нет,Чек,Есть записи в портфолио,Да или нет,,,,,,,,Чек
Артисты,Казино,Стоимость,от 0 до 200000000 р,Ползунок,Расположение,Список всех городов,Список,Есть фото,Да или нет,Чек,Есть Видео,Да или нет,Чек,Есть Отзывы,Да или нет,Чек,Указан гонорар,Да или нет,Чек,Есть записи в портфолио,Да или нет,,,,,,,,Чек
Артисты,Двойники,Стоимость,от 0 до 200000000 р,Ползунок,Расположение,Список всех городов,Список,Есть фото,Да или нет,Чек,Есть Видео,Да или нет,Чек,Есть Отзывы,Да или нет,Чек,Указан гонорар,Да или нет,Чек,Есть записи в портфолио,Да или нет,,,,,,,,Чек
Артисты,Аквагрим/бодиарт,Стоимость,от 0 до 200000000 р,Ползунок,Расположение,Список всех городов,Список,Есть фото,Да или нет,Чек,Есть Видео,Да или нет,Чек,Есть Отзывы,Да или нет,Чек,Указан гонорар,Да или нет,Чек,Есть записи в портфолио,Да или нет,,,,,,,,Чек
Артисты,Музыкальная программа,Стоимость,от 0 до 200000000 р,Ползунок,Расположение,Список всех городов,Список,Есть фото,Да или нет,Чек,Есть Видео,Да или нет,Чек,Есть Отзывы,Да или нет,Чек,Указан гонорар,Да или нет,Чек,Есть записи в портфолио,Да или нет,,,,,,,,Чек
Артисты,Кавер-группа,Стоимость,от 0 до 200000000 р,Ползунок,Расположение,Список всех городов,Список,Есть фото,Да или нет,Чек,Есть Видео,Да или нет,Чек,Есть Отзывы,Да или нет,Чек,Указан гонорар,Да или нет,Чек,Есть записи в портфолио,Да или нет,,,,,,,,Чек
Артисты,Народные/этнические музыканты,Стоимость,от 0 до 200000000 р,Ползунок,Расположение,Список всех городов,Список,Есть фото,Да или нет,Чек,Есть Видео,Да или нет,Чек,Есть Отзывы,Да или нет,Чек,Указан гонорар,Да или нет,Чек,Есть записи в портфолио,Да или нет,,,,,,,,Чек
Артисты,Певцы/певицы,Стоимость,от 0 до 200000000 р,Ползунок,Расположение,Список всех городов,Список,Есть фото,Да или нет,Чек,Есть Видео,Да или нет,Чек,Есть Отзывы,Да или нет,Чек,Указан гонорар,Да или нет,Чек,Есть записи в портфолио,Да или нет,,,,,,,,Чек
Артисты,Инструментальная музыка,Стоимость,от 0 до 200000000 р,Ползунок,Расположение,Список всех городов,Список,Есть фото,Да или нет,Чек,Есть Видео,Да или нет,Чек,Есть Отзывы,Да или нет,Чек,Указан гонорар,Да или нет,Чек,Есть записи в портфолио,Да или нет,,,,,,,,Чек
Артисты,Оперные исполнители,Стоимость,от 0 до 200000000 р,Ползунок,Расположение,Список всех городов,Список,Есть фото,Да или нет,Чек,Есть Видео,Да или нет,Чек,Есть Отзывы,Да или нет,Чек,Указан гонорар,Да или нет,Чек,Есть записи в портфолио,Да или нет,,,,,,,,Чек
Артисты,Шоу барабанов,Стоимость,от 0 до 200000000 р,Ползунок,Расположение,Список всех городов,Список,Есть фото,Да или нет,Чек,Есть Видео,Да или нет,Чек,Есть Отзывы,Да или нет,Чек,Указан гонорар,Да или нет,Чек,Есть записи в портфолио,Да или нет,,,,,,,,Чек
Артисты,Танцевальная программа,Стоимость,от 0 до 200000000 р,Ползунок,Расположение,Список всех городов,Список,Есть фото,Да или нет,Чек,Есть Видео,Да или нет,Чек,Есть Отзывы,Да или нет,Чек,Указан гонорар,Да или нет,Чек,Есть записи в портфолио,Да или нет,,,,,,,,Чек
Артисты,Танцевальные коллективы,Стоимость,от 0 до 200000000 р,Ползунок,Расположение,Список всех городов,Список,Есть фото,Да или нет,Чек,Есть Видео,Да или нет,Чек,Есть Отзывы,Да или нет,Чек,Указан гонорар,Да или нет,Чек,Есть записи в портфолио,Да или нет,,,,,,,,Чек
Артисты,Народные/этнические коллективы,Стоимость,от 0 до 200000000 р,Ползунок,Расположение,Список всех городов,Список,Есть фото,Да или нет,Чек,Есть Видео,Да или нет,Чек,Есть Отзывы,Да или нет,Чек,Указан гонорар,Да или нет,Чек,Есть записи в портфолио,Да или нет,,,,,,,,Чек
Артисты,Классический танец,Стоимость,от 0 до 200000000 р,Ползунок,Расположение,Список всех городов,Список,Есть фото,Да или нет,Чек,Есть Видео,Да или нет,Чек,Есть Отзывы,Да или нет,Чек,Указан гонорар,Да или нет,Чек,Есть записи в портфолио,Да или нет,,,,,,,,Чек
Артисты,Дуэт,Стоимость,от 0 до 200000000 р,Ползунок,Расположение,Список всех городов,Список,Есть фото,Да или нет,Чек,Есть Видео,Да или нет,Чек,Есть Отзывы,Да или нет,Чек,Указан гонорар,Да или нет,Чек,Есть записи в портфолио,Да или нет,,,,,,,,Чек
Артисты,Стриптиз,Стоимость,от 0 до 200000000 р,Ползунок,Расположение,Список всех городов,Список,Есть фото,Да или нет,Чек,Есть Видео,Да или нет,Чек,Есть Отзывы,Да или нет,Чек,Указан гонорар,Да или нет,Чек,Есть записи в портфолио,Да или нет,,,,,,,,Чек
Артисты,Сольный танец,Стоимость,от 0 до 200000000 р,Ползунок,Расположение,Список всех городов,Список,Есть фото,Да или нет,Чек,Есть Видео,Да или нет,Чек,Есть Отзывы,Да или нет,Чек,Указан гонорар,Да или нет,Чек,Есть записи в портфолио,Да или нет,,,,,,,,Чек
Ведущие,Ведущие праздников,Стоимость,от 0 до 200000000 р,Ползунок,Расположение,Список всех городов,Список,Есть фото,Да или нет,Чек,Есть Видео,Да или нет,Чек,Есть Отзывы,Да или нет,Чек,Указан гонорар,Да или нет,Чек,Есть записи в портфолио,Да или нет,,,,,,,,
Ведущие,Ведущие на свадьбу,Стоимость,от 0 до 200000000 р,Ползунок,Расположение,Список всех городов,Список,Есть фото,Да или нет,Чек,Есть Видео,Да или нет,Чек,Есть Отзывы,Да или нет,Чек,Указан гонорар,Да или нет,Чек,Есть записи в портфолио,Да или нет,,,,,,,,
Ведущие,Ведущие на корпоратив,Стоимость,от 0 до 200000000 р,Ползунок,Расположение,Список всех городов,Список,Есть фото,Да или нет,Чек,Есть Видео,Да или нет,Чек,Есть Отзывы,Да или нет,Чек,Указан гонорар,Да или нет,Чек,Есть записи в портфолио,Да или нет,,,,,,,,
Ведущие,Актеры театра и кино,Стоимость,от 0 до 200000000 р,Ползунок,Расположение,Список всех городов,Список,Есть фото,Да или нет,Чек,Есть Видео,Да или нет,Чек,Есть Отзывы,Да или нет,Чек,Указан гонорар,Да или нет,Чек,Есть записи в портфолио,Да или нет,,,,,,,,
Ведущие,Свадебные регистраторы,Стоимость,от 0 до 200000000 р,Ползунок,Расположение,Список всех городов,Список,Есть фото,Да или нет,Чек,Есть Видео,Да или нет,Чек,Есть Отзывы,Да или нет,Чек,Указан гонорар,Да или нет,Чек,Есть записи в портфолио,Да или нет,,,,,,,,
Ведущие,Ведущие радио,Стоимость,от 0 до 200000000 р,Ползунок,Расположение,Список всех городов,Список,Есть фото,Да или нет,Чек,Есть Видео,Да или нет,Чек,Есть Отзывы,Да или нет,Чек,Указан гонорар,Да или нет,Чек,Есть записи в портфолио,Да или нет,,,,,,,,
Ведущие,Свадебные распорядители,Стоимость,от 0 до 200000000 р,Ползунок,Расположение,Список всех городов,Список,Есть фото,Да или нет,Чек,Есть Видео,Да или нет,Чек,Есть Отзывы,Да или нет,Чек,Указан гонорар,Да или нет,Чек,Есть записи в портфолио,Да или нет,,,,,,,,
Ведущие,Модераторы/ Деловые ведущие,Стоимость,от 0 до 200000000 р,Ползунок,Расположение,Список всех городов,Список,Есть фото,Да или нет,Чек,Есть Видео,Да или нет,Чек,Есть Отзывы,Да или нет,Чек,Указан гонорар,Да или нет,Чек,Есть записи в портфолио,Да или нет,,,,,,,,
Ведущие,Камеди клаб,Стоимость,от 0 до 200000000 р,Ползунок,Расположение,Список всех городов,Список,Есть фото,Да или нет,Чек,Есть Видео,Да или нет,Чек,Есть Отзывы,Да или нет,Чек,Указан гонорар,Да или нет,Чек,Есть записи в портфолио,Да или нет,,,,,,,,
Ведущие,Ведущие аукционов,Стоимость,от 0 до 200000000 р,Ползунок,Расположение,Список всех городов,Список,Есть фото,Да или нет,Чек,Есть Видео,Да или нет,Чек,Есть Отзывы,Да или нет,Чек,Указан гонорар,Да или нет,Чек,Есть записи в портфолио,Да или нет,,,,,,,,
Орг мероприятий,Event агенства,Расположение,Список всех городов,Список,Есть фото,Да или нет,Чек,Есть Видео,Да или нет,Чек,Есть Отзывы,Да или нет,Чек,Есть Портфолио,Да или нет,Чек,,,,,,,,,,,,,
Орг мероприятий,Свадебные агенства,Расположение,Список всех городов,Список,Есть фото,Да или нет,Чек,Есть Видео,Да или нет,Чек,Есть Отзывы,Да или нет,Чек,Есть Портфолио,Да или нет,Чек,,,,,,,,,,,,,
Орг мероприятий,Тимбилдинг агенства,Расположение,Список всех городов,Список,Есть фото,Да или нет,Чек,Есть Видео,Да или нет,Чек,Есть Отзывы,Да или нет,Чек,Есть Портфолио,Да или нет,Чек,,,,,,,,,,,,,
Орг мероприятий,Букинговые агенства,Расположение,Список всех городов,Список,Есть фото,Да или нет,Чек,Есть Видео,Да или нет,Чек,Есть Отзывы,Да или нет,Чек,Есть Портфолио,Да или нет,Чек,,,,,,,,,,,,,
Орг мероприятий,Концертные агенства,Расположение,Список всех городов,Список,Есть фото,Да или нет,Чек,Есть Видео,Да или нет,Чек,Есть Отзывы,Да или нет,Чек,Есть Портфолио,Да или нет,Чек,,,,,,,,,,,,,
Орг мероприятий,Событийный туризм,Расположение,Список всех городов,Список,Есть фото,Да или нет,Чек,Есть Видео,Да или нет,Чек,Есть Отзывы,Да или нет,Чек,Есть Портфолио,Да или нет,Чек,,,,,,,,,,,,,
Орг мероприятий,Агентства деловых мероприятий,Расположение,Список всех городов,Список,Есть фото,Да или нет,Чек,Есть Видео,Да или нет,Чек,Есть Отзывы,Да или нет,Чек,Есть Портфолио,Да или нет,Чек,,,,,,,,,,,,,
Орг мероприятий,Рекламные и PR агентства,Расположение,Список всех городов,Список,Есть фото,Да или нет,Чек,Есть Видео,Да или нет,Чек,Есть Отзывы,Да или нет,Чек,Есть Портфолио,Да или нет,Чек,,,,,,,,,,,,,
Орг мероприятий,Выставочные агентства,Расположение,Список всех городов,Список,Есть фото,Да или нет,Чек,Есть Видео,Да или нет,Чек,Есть Отзывы,Да или нет,Чек,Есть Портфолио,Да или нет,Чек,,,,,,,,,,,,,
Орг мероприятий,Модельные агентства,Расположение,Список всех городов,Список,Есть фото,Да или нет,Чек,Есть Видео,Да или нет,Чек,Есть Отзывы,Да или нет,Чек,Есть Портфолио,Да или нет,Чек,,,,,,,,,,,,,
Орг мероприятий,Event продюсеры,Расположение,Список всех городов,Список,Есть фото,Да или нет,Чек,Есть Видео,Да или нет,Чек,Есть Отзывы,Да или нет,Чек,Есть Портфолио,Да или нет,Чек,,,,,,,,,,,,,
Тех. обеспечение,Охрана,Расположение,Список всех городов,Список,Есть фото,Да или нет,Чек,Есть Видео,Да или нет,Чек,Есть Отзывы,Да или нет,Чек,,,,,,,,,,,,,,,,
Тех. обеспечение,пиротехника,Расположение,Список всех городов,Список,Есть фото,Да или нет,Чек,Есть Видео,Да или нет,Чек,Есть Отзывы,Да или нет,Чек,,,,,,,,,,,,,,,,
Тех. обеспечение,медики,Расположение,Список всех городов,Список,Есть фото,Да или нет,Чек,Есть Видео,Да или нет,Чек,Есть Отзывы,Да или нет,Чек,,,,,,,,,,,,,,,,
Тех. обеспечение,Вывоз мусора,Расположение,Список всех городов,Список,Есть фото,Да или нет,Чек,Есть Видео,Да или нет,Чек,Есть Отзывы,Да или нет,Чек,,,,,,,,,,,,,,,,
Тех. обеспечение,световое оборудование,Расположение,Список всех городов,Список,Есть фото,Да или нет,Чек,Есть Видео,Да или нет,Чек,Есть Отзывы,Да или нет,Чек,,,,,,,,,,,,,,,,
Тех. обеспечение,звуковое оборудование,Расположение,Список всех городов,Список,Есть фото,Да или нет,Чек,Есть Видео,Да или нет,Чек,Есть Отзывы,Да или нет,Чек,,,,,,,,,,,,,,,,
Тех. обеспечение,сценическое оборудование,Расположение,Список всех городов,Список,Есть фото,Да или нет,Чек,Есть Видео,Да или нет,Чек,Есть Отзывы,Да или нет,Чек,,,,,,,,,,,,,,,,
Тех. обеспечение,"экраны, проекторы",Расположение,Список всех городов,Список,Есть фото,Да или нет,Чек,Есть Видео,Да или нет,Чек,Есть Отзывы,Да или нет,Чек,,,,,,,,,,,,,,,,
Декор,Театральные декорации,Расположение,Список всех городов,Список,Есть фото,Да или нет,Чек,Есть Видео,Да или нет,Чек,Есть Отзывы,Да или нет,Чек,,,,,,,,,,,,,,,,
Декор,Витринистика,Расположение,Список всех городов,Список,Есть фото,Да или нет,Чек,Есть Видео,Да или нет,Чек,Есть Отзывы,Да или нет,Чек,,,,,,,,,,,,,,,,
Декор,Декор фестивалей и форумов,Расположение,Список всех городов,Список,Есть фото,Да или нет,Чек,Есть Видео,Да или нет,Чек,Есть Отзывы,Да или нет,Чек,,,,,,,,,,,,,,,,
Декор,Свадебный декор,Расположение,Список всех городов,Список,Есть фото,Да или нет,Чек,Есть Видео,Да или нет,Чек,Есть Отзывы,Да или нет,Чек,,,,,,,,,,,,,,,,
IT,Разработка сайтов,Стоимость,от 0 до 200000000 р,Ползунок,Есть Отзывы,Да или нет,Чек,Есть Портфолио,Да или нет,Чек,,,,,,,,,,,,,,,,,,,
Design,Брендинг,Стоимость,от 0 до 200000000 р,Ползунок,Есть Отзывы,Да или нет,Чек,Есть Портфолио,Да или нет,Чек,,,,,,,,,,,,,,,,,,,
Design,Полиграфия,Расположение,Список всех городов,Список,Есть Отзывы,Да или нет,Чек,Есть Портфолио,Да или нет,Чек,,,,,,,,,,,,,,,,,,,
PR,smm,Стоимость,от 0 до 200000000 р,Ползунок,Есть Отзывы,Да или нет,Чек,Есть Портфолио,Да или нет,Чек,,,,,,,,,,,,,,,,,,,
PR,marketing,Стоимость,от 0 до 200000000 р,Ползунок,Есть Отзывы,Да или нет,Чек,Есть Портфолио,Да или нет,Чек,,,,,,,,,,,,,,,,,,,
PR,тендеры,Стоимость,от 0 до 200000000 р,Ползунок,Есть Отзывы,Да или нет,Чек,Есть Портфолио,Да или нет,Чек,,,,,,,,,,,,,,,,,,,
PR,юристы,Стоимость,от 0 до 200000000 р,Ползунок,Есть Отзывы,Да или нет,Чек,Есть Портфолио,Да или нет,Чек,,,,,,,,,,,,,,,,,,,
Транспорт/перевозки/курьеры,Автобусы,Расположение,Список всех городов,Список,Стоимость,от 0 до 200000000 р,Ползунок,Есть фото,Да или нет,Чек,Есть Отзывы,Да или нет,Чек,Мин.колличество часов аренды,от 1 до 100 ч.,,,,,,,,,,,,,,
Транспорт/перевозки/курьеры,Машины,Расположение,Список всех городов,Список,Стоимость,от 0 до 200000000 р,Ползунок,Есть фото,Да или нет,Чек,Есть Отзывы,Да или нет,Чек,Мин.колличество часов аренды,от 1 до 100 ч.,,,,,,,,,,,,,,
Транспорт/перевозки/курьеры,Ретро-авто,Расположение,Список всех городов,Список,Стоимость,от 0 до 200000000 р,Ползунок,Есть фото,Да или нет,Чек,Есть Отзывы,Да или нет,Чек,Мин.колличество часов аренды,от 1 до 100 ч.,,,,,,,,,,,,,,
Транспорт/перевозки/курьеры,Мотоциклы,Расположение,Список всех городов,Список,Стоимость,от 0 до 200000000 р,Ползунок,Есть фото,Да или нет,Чек,Есть Отзывы,Да или нет,Чек,Мин.колличество часов аренды,от 1 до 100 ч.,,,,,,,,,,,,,,
Транспорт/перевозки/курьеры,Разное,Расположение,Список всех городов,Список,Стоимость,от 0 до 200000000 р,Ползунок,Есть фото,Да или нет,Чек,Есть Отзывы,Да или нет,Чек,Мин.колличество часов аренды,от 1 до 100 ч.,,,,,,,,,,,,,,
Транспорт/перевозки/курьеры,Катер,Расположение,Список всех городов,Список,Стоимость,от 0 до 200000000 р,Ползунок,Есть фото,Да или нет,Чек,Есть Отзывы,Да или нет,Чек,Мин.колличество часов аренды,от 1 до 100 ч.,,,,,,,,,,,,,,
Транспорт/перевозки/курьеры,Яхта,Расположение,Список всех городов,Список,Стоимость,от 0 до 200000000 р,Ползунок,Есть фото,Да или нет,Чек,Есть Отзывы,Да или нет,Чек,Мин.колличество часов аренды,от 1 до 100 ч.,,,,,,,,,,,,,,
Транспорт/перевозки/курьеры,Водный мотоцикл,Расположение,Список всех городов,Список,Стоимость,от 0 до 200000000 р,Ползунок,Есть фото,Да или нет,Чек,Есть Отзывы,Да или нет,Чек,Мин.колличество часов аренды,от 1 до 100 ч.,,,,,,,,,,,,,,
Транспорт/перевозки/курьеры,Разное,Расположение,Список всех городов,Список,Стоимость,от 0 до 200000000 р,Ползунок,Есть фото,Да или нет,Чек,Есть Отзывы,Да или нет,Чек,Мин.колличество часов аренды,от 1 до 100 ч.,,,,,,,,,,,,,,
Транспорт/перевозки/курьеры,Вертолеты,Расположение,Список всех городов,Список,Стоимость,от 0 до 200000000 р,Ползунок,Есть фото,Да или нет,Чек,Есть Отзывы,Да или нет,Чек,Мин.колличество часов аренды,от 1 до 100 ч.,,,,,,,,,,,,,,
Транспорт/перевозки/курьеры,Самолеты,Расположение,Список всех городов,Список,Стоимость,от 0 до 200000000 р,Ползунок,Есть фото,Да или нет,Чек,Есть Отзывы,Да или нет,Чек,Мин.колличество часов аренды,от 1 до 100 ч.,,,,,,,,,,,,,,
Транспорт/перевозки/курьеры,Воздушный шар,Расположение,Список всех городов,Список,Стоимость,от 0 до 200000000 р,Ползунок,Есть фото,Да или нет,Чек,Есть Отзывы,Да или нет,Чек,Мин.колличество часов аренды,от 1 до 100 ч.,,,,,,,,,,,,,,
Транспорт/перевозки/курьеры,Разное,Расположение,Список всех городов,Список,Стоимость,от 0 до 200000000 р,Ползунок,Есть фото,Да или нет,Чек,Есть Отзывы,Да или нет,Чек,Мин.колличество часов аренды,от 1 до 100 ч.,,,,,,,,,,,,,,
Транспорт/перевозки/курьеры,Перевозка людей с ограниченными возможностями,Расположение,Список всех городов,Список,Стоимость,от 0 до 200000000 р,Ползунок,Есть фото,Да или нет,Чек,Есть Отзывы,Да или нет,Чек,Мин.колличество часов аренды,от 1 до 100 ч.,,,,,,,,,,,,,,
Транспорт/перевозки/курьеры,Гримерные,Расположение,Список всех городов,Список,Стоимость,от 0 до 200000000 р,Ползунок,Есть фото,Да или нет,Чек,Есть Отзывы,Да или нет,Чек,Мин.колличество часов аренды,от 1 до 100 ч.,,,,,,,,,,,,,,
Транспорт/перевозки/курьеры,Вертолеты,Расположение,Список всех городов,Список,Стоимость,от 0 до 200000000 р,Ползунок,Есть фото,Да или нет,Чек,Есть Отзывы,Да или нет,Чек,Мин.колличество часов аренды,от 1 до 100 ч.,,,,,,,,,,,,,,
Транспорт/перевозки/курьеры,Самолеты,Расположение,Список всех городов,Список,Стоимость,от 0 до 200000000 р,Ползунок,Есть фото,Да или нет,Чек,Есть Отзывы,Да или нет,Чек,Мин.колличество часов аренды,от 1 до 100 ч.,,,,,,,,,,,,,,
Транспорт/перевозки/курьеры,Воздушный шар,Расположение,Список всех городов,Список,Стоимость,от 0 до 200000000 р,Ползунок,Есть фото,Да или нет,Чек,Есть Отзывы,Да или нет,Чек,Мин.колличество часов аренды,от 1 до 100 ч.,,,,,,,,,,,,,,
Транспорт/перевозки/курьеры,Разное,Расположение,Список всех городов,Список,Стоимость,от 0 до 200000000 р,Ползунок,Есть фото,Да или нет,Чек,Есть Отзывы,Да или нет,Чек,Мин.колличество часов аренды,от 1 до 100 ч.,,,,,,,,,,,,,,
Одежда и обувь,Магазины и салоны,Расположение,Список всех городов,Список,Стоимость,от 0 до 200000000 р,Ползунок,,,,,,,,,,,,,,,,,,,,,,
Одежда и обувь,Мужские костюмы,Расположение,Список всех городов,Список,Стоимость,от 0 до 200000000 р,Ползунок,,,,,,,,,,,,,,,,,,,,,,
Одежда и обувь,Свадебные платья,Расположение,Список всех городов,Список,Стоимость,от 0 до 200000000 р,Ползунок,,,,,,,,,,,,,,,,,,,,,,
Одежда и обувь,Вечерние платья,Расположение,Список всех городов,Список,Стоимость,от 0 до 200000000 р,Ползунок,,,,,,,,,,,,,,,,,,,,,,
Одежда и обувь,Пошив на заказ,Расположение,Список всех городов,Список,Стоимость,от 0 до 200000000 р,Ползунок,,,,,,,,,,,,,,,,,,,,,,
Одежда и обувь,Косплей,Расположение,Список всех городов,Список,Стоимость,от 0 до 200000000 р,Ползунок,,,,,,,,,,,,,,,,,,,,,,
Одежда и обувь,Карнавальные костюмы,Расположение,Список всех городов,Список,Стоимость,от 0 до 200000000 р,Ползунок,,,,,,,,,,,,,,,,,,,,,,
Одежда и обувь,Исторические костюмы,Расположение,Список всех городов,Список,Стоимость,от 0 до 200000000 р,Ползунок,,,,,,,,,,,,,,,,,,,,,,
Прокат Одежды и обуви,Костюмерные,Расположение,Список всех городов,Список,Стоимость,от 0 до 200000000 р,Ползунок,,,,,,,,,,,,,,,,,,,,,,
Прокат Одежды и обуви,Косплей,Расположение,Список всех городов,Список,Стоимость,от 0 до 200000000 р,Ползунок,,,,,,,,,,,,,,,,,,,,,,
Прокат Одежды и обуви,Карнавальные костюмы,Расположение,Список всех городов,Список,Стоимость,от 0 до 200000000 р,Ползунок,,,,,,,,,,,,,,,,,,,,,,
Прокат Одежды и обуви,Исторические костюмы,Расположение,Список всех городов,Список,Стоимость,от 0 до 200000000 р,Ползунок,,,,,,,,,,,,,,,,,,,,,,
Прокат Одежды и обуви,Другое,Расположение,Список всех городов,Список,Стоимость,от 0 до 200000000 р,Ползунок,,,,,,,,,,,,,,,,,,,,,,